{"cameraMode":{"drawMode":0,"name":"Shaded","section":"Shading Mode"},"sceneLighting":true,"audioPlay":false,"sceneViewState":{"showFog":true,"showMaterialUpdate":false,"showSkybox":true,"showFlares":true,"showImageEffects":true,"showParticleSystems":true},"in2DMode":false,"pivot":{"x":-29.291637420654298,"y":-83.09569549560547,"z":-106.29608917236328},"rotation":{"x":0.03956528380513191,"y":-0.9432231187820435,"z":0.3067242503166199,"w":0.12174080312252045},"size":72.9351577758789,"orthographic":false}